what,kind,bundleId,bundleVersion,description,time
started,bundle,org.eclipse.ui,3.7.0.v20110928-1505,"org.eclipse.ui",1526911209682
started,bundle,org.eclipse.ui.console,3.5.100.v20111007_r372,"org.eclipse.ui.console",1526911209682
started,bundle,org.eclipse.ui.editors,3.7.0.v20110928-1504,"org.eclipse.ui.editors",1526911209682
started,bundle,org.eclipse.ui.forms,3.5.101.v20111011-1919,"org.eclipse.ui.forms",1526911209682
started,bundle,org.eclipse.ui.ide,3.7.0.v20110928-1505,"org.eclipse.ui.ide",1526911209682
started,bundle,org.eclipse.ui.intro,3.4.100.v20110425,"org.eclipse.ui.intro",1526911209682
started,bundle,org.eclipse.ui.intro.universal,3.2.500.v20110510,"org.eclipse.ui.intro.universal",1526911209682
started,bundle,org.eclipse.ui.navigator,3.5.101.v20120106-1355,"org.eclipse.ui.navigator",1526911209682
started,bundle,org.eclipse.ui.navigator.resources,3.4.300.v20110928-1505,"org.eclipse.ui.navigator.resources",1526911209682
started,bundle,org.eclipse.ui.net,1.2.100.v20111208-1155,"org.eclipse.ui.net",1526911209682
started,bundle,org.eclipse.ui.views,3.6.0.v20110928-1505,"org.eclipse.ui.views",1526911209682
started,bundle,org.eclipse.ui.workbench,3.7.1.v20120104-1859,"org.eclipse.ui.workbench",1526911209682
started,bundle,org.eclipse.ui.workbench.texteditor,3.7.0.v20110928-1504,"org.eclipse.ui.workbench.texteditor",1526911209682
started,bundle,org.eclipse.update.configurator,3.3.100.v20100512,"org.eclipse.update.configurator",1526911209682
started,bundle,org.eclipse.update.core,3.2.500.v20110330,"org.eclipse.update.core",1526911209682
started,bundle,org.eclipse.update.scheduler,3.2.300.v20100512,"org.eclipse.update.scheduler",1526911209682
started,bundle,com.altera.sbtgui.integration,13.0.0.156,"com.altera.sbtgui.integration",1526911209682
started,bundle,com.altera.sbtgui.launch,13.0.0.156,"com.altera.sbtgui.launch",1526911209682
started,bundle,com.altera.sbtgui.project,13.0.0.156,"com.altera.sbtgui.project",1526911209682
started,bundle,com.altera.systemconsole,13.0.0.156,"com.altera.systemconsole",1526911209682
started,bundle,com.altera.systemconsole.designs.plugin,13.0.0.156,"com.altera.systemconsole.designs.plugin",1526911209682
started,bundle,com.altera.utilities,13.0.0.156,"com.altera.utilities",1526911209682
os,sysinfo,,,"win32",1526911209682
arch,sysinfo,,,"x86",1526911209682
ws,sysinfo,,,"win32",1526911209682
locale,sysinfo,,,"ru_RU",1526911209682
processors,sysinfo,,,"12",1526911209682
java.runtime.name,sysinfo,,,"Java(TM) SE Runtime Environment",1526911209682
java.runtime.version,sysinfo,,,"1.6.0_23-b05",1526911209682
java.specification.name,sysinfo,,,"Java Platform API Specification",1526911209682
java.specification.vendor,sysinfo,,,"Sun Microsystems Inc.",1526911209682
java.specification.version,sysinfo,,,"1.6",1526911209682
java.vendor,sysinfo,,,"Sun Microsystems Inc.",1526911209682
java.version,sysinfo,,,"1.6.0_23",1526911209682
java.vm.info,sysinfo,,,"mixed mode",1526911209682
java.vm.name,sysinfo,,,"Java HotSpot(TM) Client VM",1526911209682
java.vm.specification.name,sysinfo,,,"Java Virtual Machine Specification",1526911209682
java.vm.specification.vendor,sysinfo,,,"Sun Microsystems Inc.",1526911209682
java.vm.specification.version,sysinfo,,,"1.0",1526911209682
java.vm.vendor,sysinfo,,,"Sun Microsystems Inc.",1526911209682
java.vm.version,sysinfo,,,"19.0-b09",1526911209682
opened,view,org.eclipse.ui.ide,3.7.0.v20110928-1505,"org.eclipse.ui.views.ProblemView",1526911210932
activated,editor,org.eclipse.cdt.ui,5.3.2.201202111925,"org.eclipse.cdt.ui.editor.CEditor",1526911211073
activated,view,org.eclipse.ui.navigator.resources,3.4.300.v20110928-1505,"org.eclipse.ui.navigator.ProjectExplorer",1526911216663
started,bundle,com.altera.sbtgui.core,13.0.0.156,"com.altera.sbtgui.core",1526911216850
started,bundle,org.eclipse.compare,3.5.202.R37x_v20111109-0800,"org.eclipse.compare",1526911216881
deactivated,workbench,org.eclipse.ui.workbench,3.7.1.v20120104-1859,"",1526911220319
started,bundle,org.eclipse.cdt.managedbuilder.ui,8.0.2.201202111925,"org.eclipse.cdt.managedbuilder.ui",1526911222867
activated,workbench,org.eclipse.ui.workbench,3.7.1.v20120104-1859,"",1526911273959
executed,command,org.eclipse.ui,3.7.0.v20110928-1505,"org.eclipse.ui.file.properties",1526911273990
started,bundle,org.eclipse.debug.ui,3.7.102.v20111129-1423_r372,"org.eclipse.debug.ui",1526911280491
started,bundle,org.eclipse.cdt.dsf,2.2.0.201202111925,"org.eclipse.cdt.dsf",1526911280491
started,bundle,org.eclipse.cdt.dsf.gdb,4.0.2.201202111925,"org.eclipse.cdt.dsf.gdb",1526911280491
started,bundle,org.eclipse.cdt.dsf.gdb.ui,2.2.1.201202111925,"org.eclipse.cdt.dsf.gdb.ui",1526911280491
activated,view,org.eclipse.ui.console,3.5.100.v20111007_r372,"org.eclipse.ui.console.ConsoleView",1526911280585
deactivated,workbench,org.eclipse.ui.workbench,3.7.1.v20120104-1859,"",1526911280600
activated,workbench,org.eclipse.ui.workbench,3.7.1.v20120104-1859,"",1526911282460
activated,view,org.eclipse.ui.navigator.resources,3.4.300.v20110928-1505,"org.eclipse.ui.navigator.ProjectExplorer",1526911303635
activated,perspective,org.eclipse.cdt.ui,5.3.2.201202111925,"org.eclipse.cdt.ui.CPerspective",1526911305151
deactivated,workbench,org.eclipse.ui.workbench,3.7.1.v20120104-1859,"",1526911317341
activated,workbench,org.eclipse.ui.workbench,3.7.1.v20120104-1859,"",1526911322998
deactivated,workbench,org.eclipse.ui.workbench,3.7.1.v20120104-1859,"",1526911329374
activated,workbench,org.eclipse.ui.workbench,3.7.1.v20120104-1859,"",1526911331202
activated,view,org.eclipse.ui.ide,3.7.0.v20110928-1505,"org.eclipse.ui.views.ProblemView",1526911333390
started,bundle,org.eclipse.cdt.codan.checkers.ui,1.0.0.201202111925,"org.eclipse.cdt.codan.checkers.ui",1526911335422
deactivated,workbench,org.eclipse.ui.workbench,3.7.1.v20120104-1859,"",1526911354112
activated,workbench,org.eclipse.ui.workbench,3.7.1.v20120104-1859,"",1526911360582
activated,view,org.eclipse.ui.navigator.resources,3.4.300.v20110928-1505,"org.eclipse.ui.navigator.ProjectExplorer",1526911362613
started,bundle,org.eclipse.cdt.debug.core,7.1.0.201202111925,"org.eclipse.cdt.debug.core",1526911365536
started,bundle,org.eclipse.cdt.debug.ui,7.1.2.201202111925,"org.eclipse.cdt.debug.ui",1526911365536
deactivated,workbench,org.eclipse.ui.workbench,3.7.1.v20120104-1859,"",1526911368849
activated,workbench,org.eclipse.ui.workbench,3.7.1.v20120104-1859,"",1526911368864
executed,command,,,"org.eclipse.cdt.debug.ui.localCShortcut.run",1526911368880
started,bundle,org.eclipse.cdt.launch,7.0.0.201202111925,"org.eclipse.cdt.launch",1526911368880
error,log,,,"Error starting process.",1526911370052
deactivated,workbench,org.eclipse.ui.workbench,3.7.1.v20120104-1859,"",1526911370068
activated,workbench,org.eclipse.ui.workbench,3.7.1.v20120104-1859,"",1526911372537
executed,command,org.eclipse.debug.ui,3.7.102.v20111129-1423_r372,"org.eclipse.debug.ui.commands.RunLast",1526911387711
error,log,,,"Error starting process.",1526911388836
deactivated,workbench,org.eclipse.ui.workbench,3.7.1.v20120104-1859,"",1526911388852
activated,workbench,org.eclipse.ui.workbench,3.7.1.v20120104-1859,"",1526911392853
executed,command,org.eclipse.debug.ui,3.7.102.v20111129-1423_r372,"org.eclipse.debug.ui.commands.RunLast",1526911396462
error,log,,,"Error starting process.",1526911397588
deactivated,workbench,org.eclipse.ui.workbench,3.7.1.v20120104-1859,"",1526911397603
activated,workbench,org.eclipse.ui.workbench,3.7.1.v20120104-1859,"",1526911414247
deactivated,workbench,org.eclipse.ui.workbench,3.7.1.v20120104-1859,"",1526911422826
started,bundle,com.altera.debug.cdi.gdb.plugin,13.0.0.156,"com.altera.debug.cdi.gdb.plugin",1526911439579
activated,workbench,org.eclipse.ui.workbench,3.7.1.v20120104-1859,"",1526911454018
opened,view,com.altera.sbtgui.launch,13.0.0.156,"com.altera.sbtgui.launch.hardware.ByteStreamConsoleView",1526911456910
started,bundle,org.eclipse.cdt.debug.mi.ui,6.1.1.201202111925,"org.eclipse.cdt.debug.mi.ui",1526911457269
started,bundle,org.eclipse.cdt.debug.mi.core,7.1.1.201202111925,"org.eclipse.cdt.debug.mi.core",1526911457285
error,log,,,"Failed Executing: [nios2-download, '--cable=USB-Blaster on localhost [USB-0]', --device=1, --instance=0, --stop, --accept-bad-sysid, --sidp=0x50e0] return code: 4, 'other error'",1526911460391
error,log,,,"Failed Executing: [nios2-download, '--cable=USB-Blaster on localhost [USB-0]', --device=1, --instance=0, --go, --accept-bad-sysid, --sidp=0x50e0, /cygdrive/d/work/RADIONIX/KOORDINATOR/ALTERA_13/Controller_ASK2/software/ASK2/ASK2.elf] return code: 4, 'other error'",1526911463856
error,log,,,"Downloading ELF Process failed",1526911463856
deactivated,workbench,org.eclipse.ui.workbench,3.7.1.v20120104-1859,"",1526911463856
activated,workbench,org.eclipse.ui.workbench,3.7.1.v20120104-1859,"",1526911466669
activated,view,org.eclipse.ui.ide,3.7.0.v20110928-1505,"org.eclipse.ui.views.ProblemView",1526911820382
opened,view,org.eclipse.ui.ide,3.7.0.v20110928-1505,"org.eclipse.ui.views.TaskList",1526911856387
activated,view,org.eclipse.ui.ide,3.7.0.v20110928-1505,"org.eclipse.ui.views.TaskList",1526911856419
activated,view,org.eclipse.ui.ide,3.7.0.v20110928-1505,"org.eclipse.ui.views.ProblemView",1526911857888
activated,view,org.eclipse.ui.navigator.resources,3.4.300.v20110928-1505,"org.eclipse.ui.navigator.ProjectExplorer",1526911861716
deactivated,workbench,org.eclipse.ui.workbench,3.7.1.v20120104-1859,"",1526911887908
activated,workbench,org.eclipse.ui.workbench,3.7.1.v20120104-1859,"",1526913079252
deactivated,workbench,org.eclipse.ui.workbench,3.7.1.v20120104-1859,"",1526913082346
activated,workbench,org.eclipse.ui.workbench,3.7.1.v20120104-1859,"",1526913312975
deactivated,workbench,org.eclipse.ui.workbench,3.7.1.v20120104-1859,"",1526913323393
activated,workbench,org.eclipse.ui.workbench,3.7.1.v20120104-1859,"",1526913325315
deactivated,workbench,org.eclipse.ui.workbench,3.7.1.v20120104-1859,"",1526913330394
activated,workbench,org.eclipse.ui.workbench,3.7.1.v20120104-1859,"",1526913330832
activated,view,org.eclipse.ui.ide,3.7.0.v20110928-1505,"org.eclipse.ui.views.ProblemView",1526913333348
activated,view,org.eclipse.ui.navigator.resources,3.4.300.v20110928-1505,"org.eclipse.ui.navigator.ProjectExplorer",1526913364021
deactivated,workbench,org.eclipse.ui.workbench,3.7.1.v20120104-1859,"",1526913367443
activated,workbench,org.eclipse.ui.workbench,3.7.1.v20120104-1859,"",1526913368021
deactivated,workbench,org.eclipse.ui.workbench,3.7.1.v20120104-1859,"",1526913375689
activated,workbench,org.eclipse.ui.workbench,3.7.1.v20120104-1859,"",1526913484176
deactivated,workbench,org.eclipse.ui.workbench,3.7.1.v20120104-1859,"",1526913526424
activated,workbench,org.eclipse.ui.workbench,3.7.1.v20120104-1859,"",1526913526643
deactivated,workbench,org.eclipse.ui.workbench,3.7.1.v20120104-1859,"",1526913531690
activated,workbench,org.eclipse.ui.workbench,3.7.1.v20120104-1859,"",1526913640085
deactivated,workbench,org.eclipse.ui.workbench,3.7.1.v20120104-1859,"",1526913651722
activated,workbench,org.eclipse.ui.workbench,3.7.1.v20120104-1859,"",1526913652519
deactivated,workbench,org.eclipse.ui.workbench,3.7.1.v20120104-1859,"",1526913657567
activated,workbench,org.eclipse.ui.workbench,3.7.1.v20120104-1859,"",1526913664255
activated,view,org.eclipse.ui.ide,3.7.0.v20110928-1505,"org.eclipse.ui.views.ProblemView",1526913668881
executed,command,org.eclipse.ui,3.7.0.v20110928-1505,"org.eclipse.ui.edit.copy",1526913676113
deactivated,workbench,org.eclipse.ui.workbench,3.7.1.v20120104-1859,"",1526913677816
activated,workbench,org.eclipse.ui.workbench,3.7.1.v20120104-1859,"",1526914686821
deactivated,workbench,org.eclipse.ui.workbench,3.7.1.v20120104-1859,"",1526914698193
activated,workbench,org.eclipse.ui.workbench,3.7.1.v20120104-1859,"",1526914981492
deactivated,workbench,org.eclipse.ui.workbench,3.7.1.v20120104-1859,"",1526915579491
activated,workbench,org.eclipse.ui.workbench,3.7.1.v20120104-1859,"",1526915677055
deactivated,workbench,org.eclipse.ui.workbench,3.7.1.v20120104-1859,"",1526915841850
activated,workbench,org.eclipse.ui.workbench,3.7.1.v20120104-1859,"",1526916030382
deactivated,workbench,org.eclipse.ui.workbench,3.7.1.v20120104-1859,"",1526916040056
deactivated,workbench,org.eclipse.ui.workbench,3.7.1.v20120104-1859,"",1526916387846
activated,workbench,org.eclipse.ui.workbench,3.7.1.v20120104-1859,"",1526916388065
deactivated,workbench,org.eclipse.ui.workbench,3.7.1.v20120104-1859,"",1526916389487
activated,workbench,org.eclipse.ui.workbench,3.7.1.v20120104-1859,"",1526916391394
deactivated,workbench,org.eclipse.ui.workbench,3.7.1.v20120104-1859,"",1526916596242
activated,workbench,org.eclipse.ui.workbench,3.7.1.v20120104-1859,"",1526916597383
deactivated,workbench,org.eclipse.ui.workbench,3.7.1.v20120104-1859,"",1526916597429
activated,workbench,org.eclipse.ui.workbench,3.7.1.v20120104-1859,"",1526916599148
started,bundle,org.eclipse.cdt.mylyn.ui,3.6.0.v20110608-1400,"org.eclipse.cdt.mylyn.ui",1526916599227
closed,workbench,org.eclipse.ui.workbench,3.7.1.v20120104-1859,"",1526916599273
stopped,bundle,org.eclipse.cdt.build.crossgcc,1.0.2.201202111925,"org.eclipse.cdt.build.crossgcc",1526916599414
stopped,bundle,org.eclipse.cdt.codan.checkers.ui,1.0.0.201202111925,"org.eclipse.cdt.codan.checkers.ui",1526916599414
stopped,bundle,com.altera.debug.cdi.gdb.plugin,13.0.0.156,"com.altera.debug.cdi.gdb.plugin",1526916599414
stopped,bundle,com.altera.sbtgui.launch,13.0.0.156,"com.altera.sbtgui.launch",1526916599414
stopped,bundle,com.altera.sbtgui.ui,13.0.0.156,"com.altera.sbtgui.ui",1526916599414
stopped,bundle,com.altera.sbtgui.project,13.0.0.156,"com.altera.sbtgui.project",1526916599414
stopped,bundle,org.eclipse.cdt.codan.checkers,1.0.1.201202111925,"org.eclipse.cdt.codan.checkers",1526916599414
stopped,bundle,org.eclipse.cdt.codan.ui.cxx,2.0.0.201202111925,"org.eclipse.cdt.codan.ui.cxx",1526916599414
stopped,bundle,org.eclipse.cdt.codan.core.cxx,1.0.0.201202111925,"org.eclipse.cdt.codan.core.cxx",1526916599414
stopped,bundle,org.eclipse.cdt.launch.remote,2.3.0.201202111925,"org.eclipse.cdt.launch.remote",1526916599414
stopped,bundle,org.eclipse.cdt.debug.mi.ui,6.1.1.201202111925,"org.eclipse.cdt.debug.mi.ui",1526916599414
stopped,bundle,org.eclipse.cdt.debug.mi.core,7.1.1.201202111925,"org.eclipse.cdt.debug.mi.core",1526916599414
stopped,bundle,org.eclipse.cdt.debug.ui.memory.memorybrowser,1.2.100.201202111925,"org.eclipse.cdt.debug.ui.memory.memorybrowser",1526916599414
stopped,bundle,org.eclipse.cdt.debug.ui.memory.search,1.2.1.201202111925,"org.eclipse.cdt.debug.ui.memory.search",1526916599414
stopped,bundle,org.eclipse.cdt.dsf.gdb.ui,2.2.1.201202111925,"org.eclipse.cdt.dsf.gdb.ui",1526916599414
stopped,bundle,org.eclipse.cdt.dsf.ui,2.2.1.201202111925,"org.eclipse.cdt.dsf.ui",1526916599414
stopped,bundle,org.eclipse.cdt.gdb.ui,7.0.0.201202111925,"org.eclipse.cdt.gdb.ui",1526916599414
stopped,bundle,org.eclipse.cdt.dsf.gdb,4.0.2.201202111925,"org.eclipse.cdt.dsf.gdb",1526916599414
stopped,bundle,org.eclipse.cdt.launch,7.0.0.201202111925,"org.eclipse.cdt.launch",1526916599414
stopped,bundle,org.eclipse.cdt.debug.ui,7.1.2.201202111925,"org.eclipse.cdt.debug.ui",1526916599414
stopped,bundle,org.eclipse.cdt.debug.ui.memory.traditional,1.2.1.201202111925,"org.eclipse.cdt.debug.ui.memory.traditional",1526916599414
stopped,bundle,org.eclipse.cdt.dsf,2.2.0.201202111925,"org.eclipse.cdt.dsf",1526916599414
stopped,bundle,org.eclipse.cdt.debug.core,7.1.0.201202111925,"org.eclipse.cdt.debug.core",1526916599414
stopped,bundle,org.eclipse.linuxtools.cdt.autotools.ui,1.0.1.201202152032,"org.eclipse.linuxtools.cdt.autotools.ui",1526916599414
stopped,bundle,org.eclipse.linuxtools.cdt.autotools.core,1.0.2.201202152032,"org.eclipse.linuxtools.cdt.autotools.core",1526916599414
stopped,bundle,org.eclipse.cdt.managedbuilder.ui,8.0.2.201202111925,"org.eclipse.cdt.managedbuilder.ui",1526916599414
stopped,bundle,org.eclipse.cdt.make.ui,7.1.2.201202111925,"org.eclipse.cdt.make.ui",1526916599414
stopped,bundle,org.eclipse.cdt.managedbuilder.gnu.ui,8.0.2.201202111925,"org.eclipse.cdt.managedbuilder.gnu.ui",1526916599414
stopped,bundle,org.eclipse.cdt.msw.build,1.0.0.201202111925,"org.eclipse.cdt.msw.build",1526916599414
stopped,bundle,org.eclipse.cdt.managedbuilder.core,8.0.2.201202111925,"org.eclipse.cdt.managedbuilder.core",1526916599414
stopped,bundle,org.eclipse.cdt.make.core,7.1.2.201202111925,"org.eclipse.cdt.make.core",1526916599414
stopped,bundle,org.eclipse.cdt.mylyn.ui,3.6.0.v20110608-1400,"org.eclipse.cdt.mylyn.ui",1526916599414
stopped,bundle,org.eclipse.cdt.codan.ui,2.0.1.201202111925,"org.eclipse.cdt.codan.ui",1526916599414
stopped,bundle,com.altera.sbtgui.flash.plugin,13.0.0.156,"com.altera.sbtgui.flash.plugin",1526916599414
activated,perspective,com.altera.sbtgui.ui,,"com.altera.sbtgui.ui.cPerspective",1526972978052
started,bundle,org.eclipse.osgi,3.7.2.v20120110-1415,"org.eclipse.osgi",1526972978052
started,bundle,org.eclipse.equinox.simpleconfigurator,1.0.200.v20110815-1438,"org.eclipse.equinox.simpleconfigurator",1526972978052
started,bundle,com.ibm.icu,4.4.2.v20110823,"com.ibm.icu",1526972978052
started,bundle,org.eclipse.cdt.codan.checkers,1.0.1.201202111925,"org.eclipse.cdt.codan.checkers",1526972978052
started,bundle,org.eclipse.cdt.codan.core,2.0.0.201202111925,"org.eclipse.cdt.codan.core",1526972978052
started,bundle,org.eclipse.cdt.codan.core.cxx,1.0.0.201202111925,"org.eclipse.cdt.codan.core.cxx",1526972978052
started,bundle,org.eclipse.cdt.codan.ui.cxx,2.0.0.201202111925,"org.eclipse.cdt.codan.ui.cxx",1526972978052
started,bundle,org.eclipse.cdt.core,5.3.2.201202111925,"org.eclipse.cdt.core",1526972978052
started,bundle,org.eclipse.cdt.make.core,7.1.2.201202111925,"org.eclipse.cdt.make.core",1526972978052
started,bundle,org.eclipse.cdt.make.ui,7.1.2.201202111925,"org.eclipse.cdt.make.ui",1526972978052
started,bundle,org.eclipse.cdt.managedbuilder.core,8.0.2.201202111925,"org.eclipse.cdt.managedbuilder.core",1526972978052
started,bundle,org.eclipse.cdt.managedbuilder.gnu.ui,8.0.2.201202111925,"org.eclipse.cdt.managedbuilder.gnu.ui",1526972978052
started,bundle,org.eclipse.cdt.msw.build,1.0.0.201202111925,"org.eclipse.cdt.msw.build",1526972978052
started,bundle,org.eclipse.cdt.ui,5.3.2.201202111925,"org.eclipse.cdt.ui",1526972978052
started,bundle,org.eclipse.compare.core,3.5.200.I20110208-0800,"org.eclipse.compare.core",1526972978052
started,bundle,org.eclipse.core.contenttype,3.4.100.v20110423-0524,"org.eclipse.core.contenttype",1526972978052
started,bundle,org.eclipse.core.databinding.observable,1.4.0.I20110222-0800,"org.eclipse.core.databinding.observable",1526972978052
started,bundle,org.eclipse.core.expressions,3.4.300.v20110228,"org.eclipse.core.expressions",1526972978052
started,bundle,org.eclipse.core.filebuffers,3.5.200.v20110928-1504,"org.eclipse.core.filebuffers",1526972978052
started,bundle,org.eclipse.core.filesystem,1.3.100.v20110423-0524,"org.eclipse.core.filesystem",1526972978052
started,bundle,org.eclipse.core.jobs,3.5.101.v20120113-1953,"org.eclipse.core.jobs",1526972978052
started,bundle,org.eclipse.core.net,1.2.100.I20110511-0800,"org.eclipse.core.net",1526972978052
started,bundle,org.eclipse.core.resources,3.7.101.v20120125-1505,"org.eclipse.core.resources",1526972978052
started,bundle,org.eclipse.core.runtime,3.7.0.v20110110,"org.eclipse.core.runtime",1526972978052
started,bundle,org.eclipse.core.runtime.compatibility,3.2.100.v20100505,"org.eclipse.core.runtime.compatibility",1526972978052
started,bundle,org.eclipse.core.runtime.compatibility.auth,3.2.200.v20110110,"org.eclipse.core.runtime.compatibility.auth",1526972978052
started,bundle,org.eclipse.core.variables,3.2.500.v20110928-1503,"org.eclipse.core.variables",1526972978052
started,bundle,org.eclipse.debug.core,3.7.1.v20111129-2031,"org.eclipse.debug.core",1526972978052
started,bundle,org.eclipse.egit.core,1.3.0.201202151440-r,"org.eclipse.egit.core",1526972978052
started,bundle,org.eclipse.egit.ui,1.3.0.201202151440-r,"org.eclipse.egit.ui",1526972978052
started,bundle,org.eclipse.epp.mpc.ui,1.1.1.I20110907-0947,"org.eclipse.epp.mpc.ui",1526972978052
started,bundle,org.eclipse.epp.usagedata.gathering,1.3.1.R201106061540,"org.eclipse.epp.usagedata.gathering",1526972978052
started,bundle,org.eclipse.epp.usagedata.recording,1.3.1.R201106061540,"org.eclipse.epp.usagedata.recording",1526972978052
started,bundle,org.eclipse.equinox.app,1.3.100.v20110321,"org.eclipse.equinox.app",1526972978052
started,bundle,org.eclipse.equinox.common,3.6.0.v20110523,"org.eclipse.equinox.common",1526972978052
started,bundle,org.eclipse.equinox.ds,1.3.1.R37x_v20110701,"org.eclipse.equinox.ds",1526972978052
started,bundle,org.eclipse.equinox.event,1.2.100.v20110502,"org.eclipse.equinox.event",1526972978052
started,bundle,org.eclipse.equinox.p2.core,2.1.1.v20120113-1346,"org.eclipse.equinox.p2.core",1526972978052
started,bundle,org.eclipse.equinox.p2.directorywatcher,1.0.300.v20110815-1419,"org.eclipse.equinox.p2.directorywatcher",1526972978067
started,bundle,org.eclipse.equinox.p2.engine,2.1.1.R37x_v20111003,"org.eclipse.equinox.p2.engine",1526972978067
started,bundle,org.eclipse.equinox.p2.metadata,2.1.0.v20110815-1419,"org.eclipse.equinox.p2.metadata",1526972978067
started,bundle,org.eclipse.equinox.p2.metadata.repository,1.2.0.v20110815-1419,"org.eclipse.equinox.p2.metadata.repository",1526972978067
started,bundle,org.eclipse.equinox.p2.operations,2.1.1.R37x_v20111111,"org.eclipse.equinox.p2.operations",1526972978067
started,bundle,org.eclipse.equinox.p2.reconciler.dropins,1.1.100.v20110815-1419,"org.eclipse.equinox.p2.reconciler.dropins",1526972978067
started,bundle,org.eclipse.equinox.p2.repository,2.1.1.v20120113-1346,"org.eclipse.equinox.p2.repository",1526972978067
started,bundle,org.eclipse.equinox.p2.ui.sdk.scheduler,1.0.100.v20110815-1419,"org.eclipse.equinox.p2.ui.sdk.scheduler",1526972978067
started,bundle,org.eclipse.equinox.p2.updatechecker,1.1.200.v20110815-1419,"org.eclipse.equinox.p2.updatechecker",1526972978067
started,bundle,org.eclipse.equinox.preferences,3.4.2.v20120111-2020,"org.eclipse.equinox.preferences",1526972978067
started,bundle,org.eclipse.equinox.registry,3.5.101.R37x_v20110810-1611,"org.eclipse.equinox.registry",1526972978067
started,bundle,org.eclipse.equinox.security,1.1.1.R37x_v20110822-1018,"org.eclipse.equinox.security",1526972978067
started,bundle,org.eclipse.equinox.util,1.0.300.v20110502,"org.eclipse.equinox.util",1526972978067
started,bundle,org.eclipse.help,3.5.100.v20110426,"org.eclipse.help",1526972978067
started,bundle,org.eclipse.jface,3.7.0.v20110928-1505,"org.eclipse.jface",1526972978067
started,bundle,org.eclipse.jgit,1.3.0.201202151440-r,"org.eclipse.jgit",1526972978067
started,bundle,org.eclipse.jsch.core,1.1.300.I20110514-0800,"org.eclipse.jsch.core",1526972978067
started,bundle,org.eclipse.linuxtools.cdt.autotools.core,1.0.2.201202152032,"org.eclipse.linuxtools.cdt.autotools.core",1526972978067
started,bundle,org.eclipse.ltk.core.refactoring,3.5.201.r372_v20111101-0700,"org.eclipse.ltk.core.refactoring",1526972978067
started,bundle,org.eclipse.ltk.ui.refactoring,3.6.0.v20110928-1453,"org.eclipse.ltk.ui.refactoring",1526972978067
started,bundle,org.eclipse.mylyn.bugzilla.core,3.6.5.v20120123-0100,"org.eclipse.mylyn.bugzilla.core",1526972978067
started,bundle,org.eclipse.mylyn.bugzilla.ui,3.6.0.v20110608-1400,"org.eclipse.mylyn.bugzilla.ui",1526972978067
started,bundle,org.eclipse.mylyn.commons.identity,0.8.0.v20110608-1400,"org.eclipse.mylyn.commons.identity",1526972978067
started,bundle,org.eclipse.mylyn.commons.net,3.6.0.v20110608-1400,"org.eclipse.mylyn.commons.net",1526972978067
started,bundle,org.eclipse.mylyn.commons.ui,3.6.1.v20110720-0100,"org.eclipse.mylyn.commons.ui",1526972978067
started,bundle,org.eclipse.mylyn.context.core,3.6.1.v20110720-0100,"org.eclipse.mylyn.context.core",1526972978067
started,bundle,org.eclipse.mylyn.context.ui,3.6.1.v20120112-0100,"org.eclipse.mylyn.context.ui",1526972978067
started,bundle,org.eclipse.mylyn.monitor.ui,3.6.0.v20110608-1400,"org.eclipse.mylyn.monitor.ui",1526972978067
started,bundle,org.eclipse.mylyn.tasks.ui,3.6.5.v20120215-0100,"org.eclipse.mylyn.tasks.ui",1526972978067
started,bundle,org.eclipse.mylyn.team.ui,3.6.1.v20110825-0100,"org.eclipse.mylyn.team.ui",1526972978067
started,bundle,org.eclipse.search,3.7.0.v20110928-1504,"org.eclipse.search",1526972978067
started,bundle,org.eclipse.team.core,3.6.0.I20110525-0800,"org.eclipse.team.core",1526972978067
started,bundle,org.eclipse.team.cvs.core,3.3.400.I20110510-0800,"org.eclipse.team.cvs.core",1526972978067
started,bundle,org.eclipse.team.cvs.ui,3.3.401.v20120126-1227,"org.eclipse.team.cvs.ui",1526972978067
started,bundle,org.eclipse.team.ui,3.6.101.R37x_v20111109-0800,"org.eclipse.team.ui",1526972978067
started,bundle,org.eclipse.ui,3.7.0.v20110928-1505,"org.eclipse.ui",1526972978067
started,bundle,org.eclipse.ui.console,3.5.100.v20111007_r372,"org.eclipse.ui.console",1526972978067
started,bundle,org.eclipse.ui.editors,3.7.0.v20110928-1504,"org.eclipse.ui.editors",1526972978067
started,bundle,org.eclipse.ui.forms,3.5.101.v20111011-1919,"org.eclipse.ui.forms",1526972978067
started,bundle,org.eclipse.ui.ide,3.7.0.v20110928-1505,"org.eclipse.ui.ide",1526972978067
started,bundle,org.eclipse.ui.intro,3.4.100.v20110425,"org.eclipse.ui.intro",1526972978067
started,bundle,org.eclipse.ui.intro.universal,3.2.500.v20110510,"org.eclipse.ui.intro.universal",1526972978067
started,bundle,org.eclipse.ui.navigator,3.5.101.v20120106-1355,"org.eclipse.ui.navigator",1526972978067
started,bundle,org.eclipse.ui.navigator.resources,3.4.300.v20110928-1505,"org.eclipse.ui.navigator.resources",1526972978067
started,bundle,org.eclipse.ui.net,1.2.100.v20111208-1155,"org.eclipse.ui.net",1526972978067
started,bundle,org.eclipse.ui.views,3.6.0.v20110928-1505,"org.eclipse.ui.views",1526972978067
started,bundle,org.eclipse.ui.workbench,3.7.1.v20120104-1859,"org.eclipse.ui.workbench",1526972978067
started,bundle,org.eclipse.ui.workbench.texteditor,3.7.0.v20110928-1504,"org.eclipse.ui.workbench.texteditor",1526972978067
started,bundle,org.eclipse.update.configurator,3.3.100.v20100512,"org.eclipse.update.configurator",1526972978067
started,bundle,org.eclipse.update.core,3.2.500.v20110330,"org.eclipse.update.core",1526972978083
started,bundle,org.eclipse.update.scheduler,3.2.300.v20100512,"org.eclipse.update.scheduler",1526972978083
started,bundle,com.altera.sbtgui.core,13.0.0.156,"com.altera.sbtgui.core",1526972978083
started,bundle,com.altera.sbtgui.integration,13.0.0.156,"com.altera.sbtgui.integration",1526972978083
started,bundle,com.altera.sbtgui.project,13.0.0.156,"com.altera.sbtgui.project",1526972978083
started,bundle,com.altera.systemconsole,13.0.0.156,"com.altera.systemconsole",1526972978083
started,bundle,com.altera.systemconsole.designs.plugin,13.0.0.156,"com.altera.systemconsole.designs.plugin",1526972978083
started,bundle,com.altera.utilities,13.0.0.156,"com.altera.utilities",1526972978083
os,sysinfo,,,"win32",1526972978083
arch,sysinfo,,,"x86",1526972978083
ws,sysinfo,,,"win32",1526972978083
locale,sysinfo,,,"ru_RU",1526972978083
